{"cameraMode":{"drawMode":0,"name":"Shaded","section":"Shading Mode"},"sceneLighting":true,"audioPlay":false,"sceneViewState":{"m_AlwaysRefresh":false,"showFog":true,"showSkybox":true,"showFlares":true,"showImageEffects":true,"showParticleSystems":true,"showVisualEffectGraphs":true,"m_FxEnabled":true},"in2DMode":false,"pivot":{"x":-1.374924659729004,"y":6.19139289855957,"z":-5.467233657836914},"rotation":{"x":-0.39429837465286257,"y":0.004683110862970352,"z":-0.0020094711799174549,"w":-0.9189696907997131},"size":7.287392616271973,"orthographic":false}